image_name,class_id,angle,background
00-01-V1-B.png,00,V1,B
00-01-V1-W.png,00,V1,W
00-01-V2-B.png,00,V2,B
00-01-V2-W.png,00,V2,W
00-02-V1-B.png,00,V1,B
00-02-V1-W.png,00,V1,W
00-02-V2-B.png,00,V2,B
00-02-V2-W.png,00,V2,W
00-03-V1-B.png,00,V1,B
00-03-V1-W.png,00,V1,W
00-03-V2-B.png,00,V2,B
00-03-V2-W.png,00,V2,W
00-04-V1-B.png,00,V1,B
00-04-V1-W.png,00,V1,W
00-04-V2-B.png,00,V2,B
00-04-V2-W.png,00,V2,W
00-05-V1-B.png,00,V1,B
00-05-V1-W.png,00,V1,W
00-05-V2-B.png,00,V2,B
00-05-V2-W.png,00,V2,W
00-06-V1-B.png,00,V1,B
00-06-V1-W.png,00,V1,W
00-06-V2-B.png,00,V2,B
00-06-V2-W.png,00,V2,W
00-07-V1-B.png,00,V1,B
00-07-V1-W.png,00,V1,W
00-07-V2-B.png,00,V2,B
00-07-V2-W.png,00,V2,W
00-08-V1-B.png,00,V1,B
00-08-V1-W.png,00,V1,W
00-08-V2-B.png,00,V2,B
00-08-V2-W.png,00,V2,W
00-09-V1-B.png,00,V1,B
00-09-V1-W.png,00,V1,W
00-09-V2-B.png,00,V2,B
00-09-V2-W.png,00,V2,W
00-10-V1-B.png,00,V1,B
00-10-V1-W.png,00,V1,W
00-10-V2-B.png,00,V2,B
00-10-V2-W.png,00,V2,W
01-01-V1-B.png,01,V1,B
01-01-V1-W.png,01,V1,W
01-01-V2-B.png,01,V2,B
01-01-V2-W.png,01,V2,W
01-02-V1-B.png,01,V1,B
01-02-V1-W.png,01,V1,W
01-02-V2-B.png,01,V2,B
01-02-V2-W.png,01,V2,W
01-03-V1-B.png,01,V1,B
01-03-V1-W.png,01,V1,W
01-03-V2-B.png,01,V2,B
01-03-V2-W.png,01,V2,W
01-04-V1-B.png,01,V1,B
01-04-V1-W.png,01,V1,W
01-04-V2-B.png,01,V2,B
01-04-V2-W.png,01,V2,W
01-05-V1-B.png,01,V1,B
01-05-V1-W.png,01,V1,W
01-05-V2-B.png,01,V2,B
01-05-V2-W.png,01,V2,W
01-06-V1-B.png,01,V1,B
01-06-V1-W.png,01,V1,W
01-06-V2-B.png,01,V2,B
01-06-V2-W.png,01,V2,W
01-07-V1-B.png,01,V1,B
01-07-V1-W.png,01,V1,W
01-07-V2-B.png,01,V2,B
01-07-V2-W.png,01,V2,W
01-08-V1-B.png,01,V1,B
01-08-V1-W.png,01,V1,W
01-08-V2-B.png,01,V2,B
01-08-V2-W.png,01,V2,W
01-09-V1-B.png,01,V1,B
01-09-V1-W.png,01,V1,W
01-09-V2-B.png,01,V2,B
01-09-V2-W.png,01,V2,W
01-10-V1-B.png,01,V1,B
01-10-V1-W.png,01,V1,W
01-10-V2-B.png,01,V2,B
01-10-V2-W.png,01,V2,W
02-01-V1-B.png,02,V1,B
02-01-V1-W.png,02,V1,W
02-01-V2-B.png,02,V2,B
02-01-V2-W.png,02,V2,W
02-02-V1-B.png,02,V1,B
02-02-V1-W.png,02,V1,W
02-02-V2-B.png,02,V2,B
02-02-V2-W.png,02,V2,W
02-03-V1-B.png,02,V1,B
02-03-V1-W.png,02,V1,W
02-03-V2-B.png,02,V2,B
02-03-V2-W.png,02,V2,W
02-04-V1-B.png,02,V1,B
02-04-V1-W.png,02,V1,W
02-04-V2-B.png,02,V2,B
02-04-V2-W.png,02,V2,W
02-05-V1-B.png,02,V1,B
02-05-V1-W.png,02,V1,W
02-05-V2-B.png,02,V2,B
02-05-V2-W.png,02,V2,W
02-06-V1-B.png,02,V1,B
02-06-V1-W.png,02,V1,W
02-06-V2-B.png,02,V2,B
02-06-V2-W.png,02,V2,W
02-07-V1-B.png,02,V1,B
02-07-V1-W.png,02,V1,W
02-07-V2-B.png,02,V2,B
02-07-V2-W.png,02,V2,W
02-08-V1-B.png,02,V1,B
02-08-V1-W.png,02,V1,W
02-08-V2-B.png,02,V2,B
02-08-V2-W.png,02,V2,W
02-09-V1-B.png,02,V1,B
02-09-V1-W.png,02,V1,W
02-09-V2-B.png,02,V2,B
02-09-V2-W.png,02,V2,W
02-10-V1-B.png,02,V1,B
02-10-V1-W.png,02,V1,W
02-10-V2-B.png,02,V2,B
02-10-V2-W.png,02,V2,W
03-01-V1-B.png,03,V1,B
03-01-V1-W.png,03,V1,W
03-01-V2-B.png,03,V2,B
03-01-V2-W.png,03,V2,W
03-02-V1-B.png,03,V1,B
03-02-V1-W.png,03,V1,W
03-02-V2-B.png,03,V2,B
03-02-V2-W.png,03,V2,W
03-03-V1-B.png,03,V1,B
03-03-V1-W.png,03,V1,W
03-03-V2-B.png,03,V2,B
03-03-V2-W.png,03,V2,W
03-04-V1-B.png,03,V1,B
03-04-V1-W.png,03,V1,W
03-04-V2-B.png,03,V2,B
03-04-V2-W.png,03,V2,W
03-05-V1-B.png,03,V1,B
03-05-V1-W.png,03,V1,W
03-05-V2-B.png,03,V2,B
03-05-V2-W.png,03,V2,W
03-06-V1-B.png,03,V1,B
03-06-V1-W.png,03,V1,W
03-06-V2-B.png,03,V2,B
03-06-V2-W.png,03,V2,W
03-07-V1-B.png,03,V1,B
03-07-V1-W.png,03,V1,W
03-07-V2-B.png,03,V2,B
03-07-V2-W.png,03,V2,W
03-08-V1-B.png,03,V1,B
03-08-V1-W.png,03,V1,W
03-08-V2-B.png,03,V2,B
03-08-V2-W.png,03,V2,W
03-09-V1-B.png,03,V1,B
03-09-V1-W.png,03,V1,W
03-09-V2-B.png,03,V2,B
03-09-V2-W.png,03,V2,W
03-10-V1-B.png,03,V1,B
03-10-V1-W.png,03,V1,W
03-10-V2-B.png,03,V2,B
03-10-V2-W.png,03,V2,W
04-01-V1-B.png,04,V1,B
04-01-V1-W.png,04,V1,W
04-01-V2-B.png,04,V2,B
04-01-V2-W.png,04,V2,W
04-02-V1-B.png,04,V1,B
04-02-V1-W.png,04,V1,W
04-02-V2-B.png,04,V2,B
04-02-V2-W.png,04,V2,W
04-03-V1-B.png,04,V1,B
04-03-V1-W.png,04,V1,W
04-03-V2-B.png,04,V2,B
04-03-V2-W.png,04,V2,W
04-04-V1-B.png,04,V1,B
04-04-V1-W.png,04,V1,W
04-04-V2-B.png,04,V2,B
04-04-V2-W.png,04,V2,W
04-05-V1-B.png,04,V1,B
04-05-V1-W.png,04,V1,W
04-05-V2-B.png,04,V2,B
04-05-V2-W.png,04,V2,W
04-06-V1-B.png,04,V1,B
04-06-V1-W.png,04,V1,W
04-06-V2-B.png,04,V2,B
04-06-V2-W.png,04,V2,W
04-07-V1-B.png,04,V1,B
04-07-V1-W.png,04,V1,W
04-07-V2-B.png,04,V2,B
04-07-V2-W.png,04,V2,W
04-08-V1-B.png,04,V1,B
04-08-V1-W.png,04,V1,W
04-08-V2-B.png,04,V2,B
04-08-V2-W.png,04,V2,W
04-09-V1-B.png,04,V1,B
04-09-V1-W.png,04,V1,W
04-09-V2-B.png,04,V2,B
04-09-V2-W.png,04,V2,W
04-10-V1-B.png,04,V1,B
04-10-V1-W.png,04,V1,W
04-10-V2-B.png,04,V2,B
04-10-V2-W.png,04,V2,W
05-01-V1-B.png,05,V1,B
05-01-V1-W.png,05,V1,W
05-01-V2-B.png,05,V2,B
05-01-V2-W.png,05,V2,W
05-02-V1-B.png,05,V1,B
05-02-V1-W.png,05,V1,W
05-02-V2-B.png,05,V2,B
05-02-V2-W.png,05,V2,W
05-03-V1-B.png,05,V1,B
05-03-V1-W.png,05,V1,W
05-03-V2-B.png,05,V2,B
05-03-V2-W.png,05,V2,W
05-04-V1-B.png,05,V1,B
05-04-V1-W.png,05,V1,W
05-04-V2-B.png,05,V2,B
05-04-V2-W.png,05,V2,W
05-05-V1-B.png,05,V1,B
05-05-V1-W.png,05,V1,W
05-05-V2-B.png,05,V2,B
05-05-V2-W.png,05,V2,W
05-06-V1-B.png,05,V1,B
05-06-V1-W.png,05,V1,W
05-06-V2-B.png,05,V2,B
05-06-V2-W.png,05,V2,W
05-07-V1-B.png,05,V1,B
05-07-V1-W.png,05,V1,W
05-07-V2-B.png,05,V2,B
05-07-V2-W.png,05,V2,W
05-08-V1-B.png,05,V1,B
05-08-V1-W.png,05,V1,W
05-08-V2-B.png,05,V2,B
05-08-V2-W.png,05,V2,W
05-09-V1-B.png,05,V1,B
05-09-V1-W.png,05,V1,W
05-09-V2-B.png,05,V2,B
05-09-V2-W.png,05,V2,W
05-10-V1-B.png,05,V1,B
05-10-V1-W.png,05,V1,W
05-10-V2-B.png,05,V2,B
05-10-V2-W.png,05,V2,W
06-01-V1-B.png,06,V1,B
06-01-V1-W.png,06,V1,W
06-01-V2-B.png,06,V2,B
06-01-V2-W.png,06,V2,W
06-02-V1-B.png,06,V1,B
06-02-V1-W.png,06,V1,W
06-02-V2-B.png,06,V2,B
06-02-V2-W.png,06,V2,W
06-03-V1-B.png,06,V1,B
06-03-V1-W.png,06,V1,W
06-03-V2-B.png,06,V2,B
06-03-V2-W.png,06,V2,W
06-04-V1-B.png,06,V1,B
06-04-V1-W.png,06,V1,W
06-04-V2-B.png,06,V2,B
06-04-V2-W.png,06,V2,W
06-05-V1-B.png,06,V1,B
06-05-V1-W.png,06,V1,W
06-05-V2-B.png,06,V2,B
06-05-V2-W.png,06,V2,W
06-06-V1-B.png,06,V1,B
06-06-V1-W.png,06,V1,W
06-06-V2-B.png,06,V2,B
06-06-V2-W.png,06,V2,W
06-07-V1-B.png,06,V1,B
06-07-V1-W.png,06,V1,W
06-07-V2-B.png,06,V2,B
06-07-V2-W.png,06,V2,W
06-08-V1-B.png,06,V1,B
06-08-V1-W.png,06,V1,W
06-08-V2-B.png,06,V2,B
06-08-V2-W.png,06,V2,W
06-09-V1-B.png,06,V1,B
06-09-V1-W.png,06,V1,W
06-09-V2-B.png,06,V2,B
06-09-V2-W.png,06,V2,W
06-10-V1-B.png,06,V1,B
06-10-V1-W.png,06,V1,W
06-10-V2-B.png,06,V2,B
06-10-V2-W.png,06,V2,W
07-01-V1-B.png,07,V1,B
07-01-V1-W.png,07,V1,W
07-01-V2-B.png,07,V2,B
07-01-V2-W.png,07,V2,W
07-02-V1-B.png,07,V1,B
07-02-V1-W.png,07,V1,W
07-02-V2-B.png,07,V2,B
07-02-V2-W.png,07,V2,W
07-03-V1-B.png,07,V1,B
07-03-V1-W.png,07,V1,W
07-03-V2-B.png,07,V2,B
07-03-V2-W.png,07,V2,W
07-04-V1-B.png,07,V1,B
07-04-V1-W.png,07,V1,W
07-04-V2-B.png,07,V2,B
07-04-V2-W.png,07,V2,W
07-05-V1-B.png,07,V1,B
07-05-V1-W.png,07,V1,W
07-05-V2-B.png,07,V2,B
07-05-V2-W.png,07,V2,W
07-06-V1-B.png,07,V1,B
07-06-V1-W.png,07,V1,W
07-06-V2-B.png,07,V2,B
07-06-V2-W.png,07,V2,W
07-07-V1-B.png,07,V1,B
07-07-V1-W.png,07,V1,W
07-07-V2-B.png,07,V2,B
07-07-V2-W.png,07,V2,W
07-08-V1-B.png,07,V1,B
07-08-V1-W.png,07,V1,W
07-08-V2-B.png,07,V2,B
07-08-V2-W.png,07,V2,W
07-09-V1-B.png,07,V1,B
07-09-V1-W.png,07,V1,W
07-09-V2-B.png,07,V2,B
07-09-V2-W.png,07,V2,W
07-10-V1-B.png,07,V1,B
07-10-V1-W.png,07,V1,W
07-10-V2-B.png,07,V2,B
07-10-V2-W.png,07,V2,W
08-01-V1-B.png,08,V1,B
08-01-V1-W.png,08,V1,W
08-01-V2-B.png,08,V2,B
08-01-V2-W.png,08,V2,W
08-02-V1-B.png,08,V1,B
08-02-V1-W.png,08,V1,W
08-02-V2-B.png,08,V2,B
08-02-V2-W.png,08,V2,W
08-03-V1-B.png,08,V1,B
08-03-V1-W.png,08,V1,W
08-03-V2-B.png,08,V2,B
08-03-V2-W.png,08,V2,W
08-04-V1-B.png,08,V1,B
08-04-V1-W.png,08,V1,W
08-04-V2-B.png,08,V2,B
08-04-V2-W.png,08,V2,W
08-05-V1-B.png,08,V1,B
08-05-V1-W.png,08,V1,W
08-05-V2-B.png,08,V2,B
08-05-V2-W.png,08,V2,W
08-06-V1-B.png,08,V1,B
08-06-V1-W.png,08,V1,W
08-06-V2-B.png,08,V2,B
08-06-V2-W.png,08,V2,W
08-07-V1-B.png,08,V1,B
08-07-V1-W.png,08,V1,W
08-07-V2-B.png,08,V2,B
08-07-V2-W.png,08,V2,W
08-08-V1-B.png,08,V1,B
08-08-V1-W.png,08,V1,W
08-08-V2-B.png,08,V2,B
08-08-V2-W.png,08,V2,W
08-09-V1-B.png,08,V1,B
08-09-V1-W.png,08,V1,W
08-09-V2-B.png,08,V2,B
08-09-V2-W.png,08,V2,W
08-10-V1-B.png,08,V1,B
08-10-V1-W.png,08,V1,W
08-10-V2-B.png,08,V2,B
08-10-V2-W.png,08,V2,W
09-01-V1-B.png,09,V1,B
09-01-V1-W.png,09,V1,W
09-01-V2-B.png,09,V2,B
09-01-V2-W.png,09,V2,W
09-02-V1-B.png,09,V1,B
09-02-V1-W.png,09,V1,W
09-02-V2-B.png,09,V2,B
09-02-V2-W.png,09,V2,W
09-03-V1-B.png,09,V1,B
09-03-V1-W.png,09,V1,W
09-03-V2-B.png,09,V2,B
09-03-V2-W.png,09,V2,W
09-04-V1-B.png,09,V1,B
09-04-V1-W.png,09,V1,W
09-04-V2-B.png,09,V2,B
09-04-V2-W.png,09,V2,W
09-05-V1-B.png,09,V1,B
09-05-V1-W.png,09,V1,W
09-05-V2-B.png,09,V2,B
09-05-V2-W.png,09,V2,W
09-06-V1-B.png,09,V1,B
09-06-V1-W.png,09,V1,W
09-06-V2-B.png,09,V2,B
09-06-V2-W.png,09,V2,W
09-07-V1-B.png,09,V1,B
09-07-V1-W.png,09,V1,W
09-07-V2-B.png,09,V2,B
09-07-V2-W.png,09,V2,W
09-08-V1-B.png,09,V1,B
09-08-V1-W.png,09,V1,W
09-08-V2-B.png,09,V2,B
09-08-V2-W.png,09,V2,W
09-09-V1-B.png,09,V1,B
09-09-V1-W.png,09,V1,W
09-09-V2-B.png,09,V2,B
09-09-V2-W.png,09,V2,W
09-10-V1-B.png,09,V1,B
09-10-V1-W.png,09,V1,W
09-10-V2-B.png,09,V2,B
09-10-V2-W.png,09,V2,W
